{
    "START": {
        "FAIR": 0.9,
        "LOADED": 0.1
    },
    "TRANSITION": {
        "LOADED": {
            "LOADED": 0.9,
            "FAIR": 0.1
        },
        "FAIR": {
            "LOADED": 0.05,
            "FAIR": 0.95
        }
    },
    "EMISSION": {
        "LOADED": {
            "1": 0.1,
            "2": 0.1,
            "3": 0.1,
            "4": 0.1,
            "5": 0.1,
            "6": 0.5
        },
        "FAIR": {
            "1": 0.16666667,
            "2": 0.16666667,
            "3": 0.16666667,
            "4": 0.16666667,
            "5": 0.16666667,
            "6": 0.16666667
        }
    }
}
